Nr.;titel;autor;replik_auf;datum_der_veroeffentlichung;link;pdf
1;Denken auf der Datenbank;Anna Echterhölter, Wien;Gegen|Wissen, „Kanäle“;2020-07-27;http://www.cache.ch/blog/denkenaufderdatenbank;https://cache.ch/pdf/Replik_Echterhoelter_GegenWissen_2020.pdf
2;Durchlässige Kanäle;Sven Reichardt, Konstanz;Gegen|Wissen, „Kanäle“;2020-07-26;http://www.cache.ch/blog/durchlaessigekanaele;https://cache.ch/pdf/Replik_Reichardt_GegenWissen_2020.pdf
3;»Do Artefacts Have Politics?«;Monika Dommann, Zürich;Gegen|Wissen, „Beton“;2020-07-29;http://www.cache.ch/blog/doartefactshavepolitics;https://cache.ch/pdf/Replik_Dommann_GegenWissen_2020.pdf
4;Bauen Wohnen Leben;Christian Reiß, Regensburg;Gegen|Wissen, „Beton“;2020-07-30;http://www.cache.ch/blog/bauenwohnenleben;https://cache.ch/pdf/Bauen_wohnen_replik_text.pdf
5;Das Öko-Institut im transatlantischen Kontext;Daniel Eggstein, Konstanz;Gegen|Wissen, „Protest“;2020-08-04;http://www.cache.ch/blog/dasoekoinstitutimtransatlantischenkontext;https://cache.ch/pdf/Replik_Eggstein_GegenWissen_2020.pdf
6;Vergangenheit als cache;Caroline Arni, Basel;Gegen|Wissen, „Feministische Natur“;2020-07-31;http://www.cache.ch/blog/vergangenheitalscache;https://cache.ch/pdf/Replik_Arni_GegenWissen_2020.pdf
7;Das europäische Subjekt dekolonialisieren;Rosa Eidelpes, Wien;Gegen|Wissen, „Krise der Vernunft“;2020-08-11;http://www.cache.ch/blog/daseuropaeischesubjektdekolonialisieren;https://cache.ch/pdf/Replik_Eidelpes_GegenWissen_2020.pdf
8;Crisi della ragione;Onur Erdur, Berlin;Gegen|Wissen, „Krise der Vernunft“;2020-08-12;http://www.cache.ch/blog/crisidellaragione;https://cache.ch/pdf/Replik_Erdur_GegenWissen_2020.pdf
9;Magisches Denken;Magaly Tornay, Zürich;Gegen|Wissen, „Krise der Vernunft“;2020-08-12;http://www.cache.ch/blog/magischesdenken;https://cache.ch/pdf/Replik_Tornay_GegenWissen_2020.pdf
10;Symbiose;Hans-Jörg Rheinberger, Berlin;Gegen|Wissen, „Symbiosen“;2020-08-18;http://www.cache.ch/blog/symbiose;https://cache.ch/pdf/Replik_Rheinberger_GegenWissen_2020.pdf
11;Über die verschiedenen Tonlagen des Weltendes;Robert Leucht, Lausanne;Gegen|Wissen, „Apokalypse“;2020-08-20;http://www.cache.ch/blog/ueberdieverschiedenentonlagendesweltendes;https://cache.ch/pdf/Replik_Leucht_GegenWissen_2020.pdf
12;Filmische Spurensicherung in der Urner Bergwelt;Brigitta Bernet, Zürich;Gegen|Wissen, „Alltag“;2020-08-25;http://www.cache.ch/blog/filmischespurensicherunginderurnerbergwelt;https://cache.ch/pdf/Replik_Bernet_GegenWissen_2020.pdf
13;Unerledigte Anliegen;Birgit Nemec, Heidelberg;Gegen|Wissen, „Alarm“;2020-09-01;http://www.cache.ch/blog/unerledigteanliegen;https://cache.ch/pdf/Replik_Nemec_GegenWissen_2020.pdf
14;female imagery;Julia Pelta Feldman, Berlin;Gegen|Wissen, „Prick Art“;2020-09-03;http://www.cache.ch/blog/femaleimagery;https://cache.ch/pdf/Replik_Pelta Feldman_GegenWissen_2020.pdf
15;Globales Bewusstsein;Lucas M. Mueller, Genf;Gegen|Wissen, „Bewusstsein“;2020-09-21;http://www.cache.ch/blog/globalesbewusstsein;https://cache.ch/pdf/Replik_Mueller_GegenWissen_2020.pdf
16;Alte Lieder;Janosch Steuwer, Zürich;Gegen|Wissen, „Rückbesinnung“;2020-09-25;http://www.cache.ch/blog/altelieder;https://cache.ch/pdf/Replik_Steuwer_GegenWissen_2020.pdf
17;Flucht oder konkrete Utopie?;Anne Kwaschik, Konstanz;Gegen|Wissen, „Rückbesinnung“;2020-09-28;http://www.cache.ch/blog/fluchtoderkonkreteutopie;https://cache.ch/pdf/Replik_Kwaschik_GegenWissen_2020.pdf
18;Rückbesinnung als Gegen|Wissen?;Stefanie Samida, Heidelberg;Gegen|Wissen, „Rückbesinnung“;2020-09-30;http://www.cache.ch/blog/rueckbesinnungalsgegenwissen;https://cache.ch/pdf/Replik_Samida_GegenWissen_2020.pdf
19;Bocklosigkeit;Michael Hagner, Zürich;Gegen|Wissen, „Bildungskrise“;2020-10-02;http://www.cache.ch/blog/bocklosigkeit;https://cache.ch/pdf/Replik_Hagner_GegenWissen_2020.pdf
20;Volkskultur als ›widerständige‹ Ressource;Johannes Müske, Freiburg i. B.;Gegen|Wissen, „Rückbesinnung“;2020-10-05;http://www.cache.ch/blog/volkskulturalswiderstaendigeressource;https://cache.ch/pdf/Replik_Mueske_GegenWissen_2020.pdf
21;Kritik;Siegfried Zielinski, Berlin;Gegen|Wissen, „Bildungskrise“;2020-10-15;http://www.cache.ch/blog/kritik;https://cache.ch/pdf/Replik_Zielinski_GegenWissen_2020.pdf
22;Rechnen in den Geistes- und Sozialwissenschaften;Ricky Wichum, Zürich;Gegen|Wissen, „High Tech“;2020-10-30;http://www.cache.ch/blog/rechnenindengeistesundsozialwissenschaften;https://cache.ch/pdf/Replik_Wichum_GegenWissen_2020.pdf
